symbol,name
BTC/USD,Bitcoin USD
ETH/USD,Ethereum USD
USDT/USD,Tether USD
BNB/USD,Binance Coin USD
USDC/USD,USD Coin USD
XRP/USD,XRP USD
ADA/USD,Cardano USD
HEX/USD,HEX USD
SOL/USD,Solana USD
LUNA1/USD,Terra USD
DOT/USD,Polkadot USD
AVAX/USD,Avalanche USD
DOGE/USD,Dogecoin USD
SHIB/USD,SHIBA INU USD
BUSD/USD,Binance USD USD
MATIC/USD,Polygon USD
CRO/USD,Crypto.com Coin USD
WBTC/USD,Wrapped Bitcoin USD
UST/USD,TerraUSD USD
DAI/USD,Dai USD
LTC/USD,Litecoin USD
ATOM/USD,Cosmos USD
LINK/USD,Chainlink USD
NEAR/USD,NEAR Protocol USD
UNI1/USD,Uniswap USD
